chain_id,chain_name,store_id,store_name,address_raw,prefecture,city,open_date,close_date,lat,lng,floor,building,source_url,scraped_at
withgreen,withgreen,24277,WithGreen FOOD&TIME ISETAN YOKOHAMA店,神奈川県横浜市西区南幸1-5-1 JOINUS B1F FOOD&TIME ISETAN,神奈川県,,,,35.4643123,139.6203025,,,https://store.withgreen.club,2026-04-02T07:03:58.846594
withgreen,withgreen,24302,WithGreen ONE FUKUOKA BLDG.店,福岡県福岡市中央区天神1-11-1 ONE FUKUOKA BLDG. B1F,福岡県,,2025-04-24,,33.5909558,130.3997722,,,https://store.withgreen.club,2026-04-02T07:03:58.846594
withgreen,withgreen,24265,WithGreen アトレ川崎店,神奈川県川崎市川崎区駅前本町26-1 アトレ川崎3F,神奈川県,,,,35.5311414,139.6978074,,,https://store.withgreen.club,2026-04-02T07:03:58.846594
withgreen,withgreen,24274,WithGreen アミュプラザ博多店,福岡県福岡市博多区博多駅中央街1-1 アミュプラザ博多 B1F,福岡県,,2023-08-10,,33.58981,130.4204315,,,https://store.withgreen.club,2026-04-02T07:03:58.846594
withgreen,withgreen,24426,WithGreen ウィング新橋店,東京都港区新橋2丁目東口地下街1号,東京都,,2025-06-05,,35.6666483,139.7572218,,,https://store.withgreen.club,2026-04-02T07:03:58.846594
withgreen,withgreen,24267,WithGreen エキマルシェ大阪店,大阪府大阪市北区梅田3-1-1 エキマルシェ大阪 1F,大阪府,,,,34.7019365,135.4950795,,,https://store.withgreen.club,2026-04-02T07:03:58.846594
withgreen,withgreen,28694,WithGreen エスパル仙台店,宮城県仙台市青葉区中央1丁目11 エスパル仙台東館 2F 青の葉デイリーマーケット,宮城県,,2026-04-02,,38.25975168331049,140.88331849140232,,,https://store.withgreen.club,2026-04-02T07:03:58.846594
withgreen,withgreen,24299,WithGreen クリスタ長堀店,大阪府大阪市中央区南船場２丁目長堀地下街１号,大阪府,,2025-04-10,,34.675099040982,135.50200968487033,,,https://store.withgreen.club,2026-04-02T07:03:58.846594
withgreen,withgreen,27864,WithGreen テラスモール湘南店,神奈川県藤沢市辻堂神台1-3-1 テラスモール湘南 湘南ヴィレッジ,神奈川県,,2025-11-06,,35.33883103535573,139.44720420860045,,,https://store.withgreen.club,2026-04-02T07:03:58.846594
withgreen,withgreen,27964,WithGreen ディアモール大阪店,大阪府大阪市北区梅田１丁目 大阪 駅前 ダイヤモンド 地下街 5号 区画番号 5070,大阪府,,2025-11-27,,34.6993688,135.4977493,,,https://store.withgreen.club,2026-04-02T07:03:58.846594
withgreen,withgreen,24293,WithGreen ホワイティうめだ店,大阪府大阪市北区小松原町梅田地下街4-2号,大阪府,,,,34.7025432,135.5016529,,,https://store.withgreen.club,2026-04-02T07:03:58.846594
withgreen,withgreen,24298,WithGreen ミナモア広島店,広島県広島市南区松原町2-37 ミナモア広島 2F,広島県,,2025-03-24,,34.3973575,132.4752005,,,https://store.withgreen.club,2026-04-02T07:03:58.846594
withgreen,withgreen,24276,WithGreen ムスブ田町店,東京都東京都港区芝浦3-1-21 msb Tamachi 1F,東京都,,,,35.6447514,139.7493165,,,https://store.withgreen.club,2026-04-02T07:03:58.846594
withgreen,withgreen,24294,WithGreen ルミネ大宮店,埼玉県さいたま市大宮区錦町630 ルミネ大宮2 (西口別館) 2F,埼玉県,,,,35.9060876,139.6236783,,,https://store.withgreen.club,2026-04-02T07:03:58.846594
withgreen,withgreen,24286,WithGreen ルミネ立川店,東京都立川市曙町2-1-1 ルミネ立川 B1F,東京都,,,,35.6984488,139.4137607,,,https://store.withgreen.club,2026-04-02T07:03:58.846594
withgreen,withgreen,28652,WithGreen ルミネ荻窪,東京都杉並区上荻1-7-1 ルミネ荻窪店,東京都,,2026-03-14,,35.70475044127,139.61935616831386,,,https://store.withgreen.club,2026-04-02T07:03:58.846594
withgreen,withgreen,28616,WithGreen 丸の内オアゾ店,東京都千代田区丸の内１丁目６−４ 丸の内オアゾ B1F,東京都,,2026-03-09,,35.68343236408594,139.76635250555472,,,https://store.withgreen.club,2026-04-02T07:03:58.846594
withgreen,withgreen,24284,WithGreen 京都ラクエ四条烏丸店,京都府京都市下京区四条通室町東入函谷鉾町101 ラクエ京都四条烏丸 B1F,京都府,,2022-07-28,,35.003642,135.7599027,,,https://store.withgreen.club,2026-04-02T07:03:58.846594
withgreen,withgreen,24300,WithGreen 京都高島屋S.C.店,京都府京都市下京区四条通寺町東入2丁目御旅町35 京都高島屋S.C. B1F,京都府,,2025-04-18,,35.0035271,135.768255,,,https://store.withgreen.club,2026-04-02T07:03:58.846594
withgreen,withgreen,24269,WithGreen 北千住マルイ店,東京都足立区千住3-92 北千住マルイ 2F,東京都,,,,35.75049,139.8043866,,,https://store.withgreen.club,2026-04-02T07:03:58.846594
withgreen,withgreen,24282,WithGreen 吉祥寺マルイ店,東京都武蔵野市吉祥寺南町1-7-1 吉祥寺マルイ 1F,東京都,,2023-05-26,,35.7019723,139.5792898,,,https://store.withgreen.club,2026-04-02T07:03:58.846594
withgreen,withgreen,24287,WithGreen 名古屋サンロード店,愛知県名古屋市中村区名駅４ー７ー２５ Ｂ１Ｆ 名駅地下街サンロード,愛知県,,,,35.1692742,136.8849154,,,https://store.withgreen.club,2026-04-02T07:03:58.846594
withgreen,withgreen,24291,WithGreen 名古屋ユニモール店,愛知県名古屋市中村区名駅4-5-26 地下街ユニモール,愛知県,,,,35.1716453,136.8863226,,,https://store.withgreen.club,2026-04-02T07:03:58.846594
withgreen,withgreen,24288,WithGreen 名古屋ラシック店,愛知県名古屋市中区栄3-6-1 ラシック B1F,愛知県,,,,35.16747,136.90757,,,https://store.withgreen.club,2026-04-02T07:03:58.846594
withgreen,withgreen,27723,WithGreen 名古屋栄セントラルパーク店,愛知県名古屋市中区錦3-15-13先 セントラルパーク地下街フロアマップ17番区画,愛知県,,2025-10-13,,35.172947,136.908542,,,https://store.withgreen.club,2026-04-02T07:03:58.846594
withgreen,withgreen,24283,WithGreen 大丸梅田店,大阪府大阪市北区梅田3-1-1 大丸梅田店 B1F,大阪府,,,,34.7036712,135.4971337,,,https://store.withgreen.club,2026-04-02T07:03:58.846594
withgreen,withgreen,28693,WithGreen 大井町トラックス店,東京都品川区広町二丁目1番17号 OIMACHI TRACKS 3F 309区画,東京都,,2026-03-28,,35.607928366265604,139.73345887539833,,,https://store.withgreen.club,2026-04-02T07:03:58.846594
withgreen,withgreen,24285,WithGreen 大手町店,東京都東京都千代田区大手町1-6-1 大手町ビル B2F,東京都,,,,35.6864055,139.7648086,,,https://store.withgreen.club,2026-04-02T07:03:58.846594
withgreen,withgreen,24290,WithGreen 天神地下街店,福岡県福岡市中央区天神2丁目 天神地下街 東11番街,福岡県,,2024-03-29,,33.589986,130.399501,,,https://store.withgreen.club,2026-04-02T07:03:58.846594
withgreen,withgreen,28374,WithGreen 岡山一番街店,岡山県岡山市駅元町1 一番街 地下4号 第1180区画,岡山県,,2026-02-13,,34.66502426601124,133.91882158527557,,,https://store.withgreen.club,2026-04-02T07:03:58.846594
withgreen,withgreen,24278,WithGreen 恵比寿店,東京都渋谷区恵比寿1-9-5 恵比寿STビル 1F,東京都,,2020-10-04,,35.6469928,139.7111126,,,https://store.withgreen.club,2026-04-02T07:03:58.846594
withgreen,withgreen,24281,WithGreen 成田空港第１ターミナル店,千葉県成田市三里塚御料牧場1-1 成田空港第１旅客ターミナル中央ビル4F,千葉県,,,,35.7512445,140.3944892,,,https://store.withgreen.club,2026-04-02T07:03:58.846594
withgreen,withgreen,25709,WithGreen 新宿センタービル店,東京都新宿区西新宿1-25-1 新宿センタービル MB1F,東京都,,2025-07-24,,35.6914889,139.6952875,,,https://store.withgreen.club,2026-04-02T07:03:58.846594
withgreen,withgreen,24279,WithGreen 新宿三丁目店,東京都新宿区新宿3-1-17 山本ビル 1F,東京都,,2021-03-16,,35.6904547,139.7047441,,,https://store.withgreen.club,2026-04-02T07:03:58.846594
withgreen,withgreen,24273,WithGreen 日本橋高島屋S.C.店,東京都中央区日本橋2-5-1 日本橋高島屋S.C.新館 B1F,東京都,,,,35.68128,139.7737877,,,https://store.withgreen.club,2026-04-02T07:03:58.846594
withgreen,withgreen,28198,WithGreen 日比谷仲通り店,東京都東京都千代田区有楽町1-6-1 日比谷第二ビル,東京都,,2026-01-15,,35.67394034078972,139.76051101238173,,,https://store.withgreen.club,2026-04-02T07:03:58.846594
withgreen,withgreen,24270,WithGreen 有楽町イトシア店,東京都千代田区有楽町2-7-1 有楽町イトシア B1F フードアベニュー,東京都,,,,35.6740999,139.7635067,,,https://store.withgreen.club,2026-04-02T07:03:58.846594
withgreen,withgreen,24280,WithGreen 東京ドームシティ ラクーア店,東京都文京区春日1-1-1 東京ドームシティ LaQua1F,東京都,,2023-04-15,,35.7070917,139.7536369,,,https://store.withgreen.club,2026-04-02T07:03:58.846594
withgreen,withgreen,24297,WithGreen 東京ミッドタウン八重洲店,東京都中央区八重洲2-2-1 東京ミッドタウン八重洲B1F,東京都,,,,35.6794084,139.7689311,,,https://store.withgreen.club,2026-04-02T07:03:58.846594
withgreen,withgreen,24301,WithGreen 横浜ポルタ店,神奈川県横浜市西区高島2-16 横浜ポルタ B1F,神奈川県,,,,35.4652282,139.6234769,,,https://store.withgreen.club,2026-04-02T07:03:58.846594
withgreen,withgreen,28651,WithGreen 池袋 IT tower TOKYO,東京都東京都豊島区西池袋3丁目28-13 IT tower TOKYO B1F 040区画,東京都,,2026-03-14,,35.73162172529002,139.7071607890715,,,https://store.withgreen.club,2026-04-02T07:03:58.846594
withgreen,withgreen,25974,WithGreen 流山おおたかの森S.C. FLAPS店,千葉県流山市おおたかの森南1-2-1 流山おおたかの森S・C FLAPS 1F,千葉県,,2025-08-28,,35.87115012169601,139.92480777116415,,,https://store.withgreen.club,2026-04-02T07:03:58.846594
withgreen,withgreen,24295,WithGreen 浦和パルコ店,埼玉県さいたま市浦和区東高砂町11-1 浦和パルコ B1F,埼玉県,,,,35.8587007,139.6591572,,,https://store.withgreen.club,2026-04-02T07:03:58.846594
withgreen,withgreen,24275,WithGreen 渋谷ヒカリエShinQs東横のれん街店,東京都渋谷区渋谷2-21-1 ヒカリエ ShinQs B3F,東京都,,2020-06-10,,35.6589459,139.7030086,,,https://store.withgreen.club,2026-04-02T07:03:58.846594
withgreen,withgreen,24271,WithGreen 渋谷道玄坂通店,東京都渋谷区道玄坂2-25-12 道玄坂通 1F,東京都,,,,35.6599321,139.697076,,,https://store.withgreen.club,2026-04-02T07:03:58.846594
withgreen,withgreen,24289,WithGreen 神戸さんちか店,兵庫県神戸市中央区三宮町1-10-1 さんちか 2番街,兵庫県,,,,34.6925728,135.1948507,,,https://store.withgreen.club,2026-04-02T07:03:58.846594
withgreen,withgreen,24266,WithGreen 神楽坂店,東京都新宿区神楽坂3-2 桐信エステートビル 2F,東京都,,,,35.7014288,139.7404907,,,https://store.withgreen.club,2026-04-02T07:03:58.846594
withgreen,withgreen,26036,WithGreen 羽田空港第１ターミナル店,東京都大田区羽田空港3‐3‐2 第1旅客ターミナルビル B1F,東京都,,2025-09-10,,35.54889099322315,139.78441790841387,,,https://store.withgreen.club,2026-04-02T07:03:58.846594
withgreen,withgreen,24268,WithGreen 自由が丘店,東京都目黒区自由が丘2-15-4 JIYUGAOKA de aone 1F,東京都,,,,35.6078347,139.666614,,,https://store.withgreen.club,2026-04-02T07:03:58.846594
withgreen,withgreen,24272,WithGreen 銀座ノボ店,東京都中央区銀座5-2-1 銀座ノボ B2F,東京都,,,,35.6722448,139.7624127,,,https://store.withgreen.club,2026-04-02T07:03:58.846594
withgreen,withgreen,27062,WithGreen 錦糸町パルコ店,東京都墨田区江東橋4-27-14 錦糸町PARCO 1F,東京都,,2025-09-25,,35.69770290354919,139.816562339619,,,https://store.withgreen.club,2026-04-02T07:03:58.846594
withgreen,withgreen,24292,WithGreen 阪急西宮ガーデンズ店,兵庫県西宮市高松町14-2 阪急西宮ガーデンズ 1F,兵庫県,,,,34.7439342,135.3598518,,,https://store.withgreen.club,2026-04-02T07:03:58.846594
withgreen,withgreen,24296,WithGreen 青山一丁目店,東京都港区南青山1-1-1 新青山ビル B1F,東京都,,,,35.6726892,139.7253975,,,https://store.withgreen.club,2026-04-02T07:03:58.846594
gongcha,ゴンチャ,gc_0000,ゴンチャ 三井アウトレットパーク 札幌北広島,北海道北広島市大曲幸町3-7-6,北海道,,,,42.970959,141.471274,,三井アウトレットパーク 札幌北広島,https://www.fashion-press.net/maps/bline_6297,2026-04-02T07:11:01.861048
gongcha,ゴンチャ,gc_0001,ゴンチャ 札幌アピア,北海道札幌市中央区北5条西3・4,北海道,,,,43.067266,141.348507,,札幌アピア,https://www.fashion-press.net/maps/bline_6297,2026-04-02T07:11:01.861048
gongcha,ゴンチャ,gc_0002,ゴンチャ イオンモール札幌発寒店,北海道札幌市西区発寒8条12-1,北海道,,,,43.096544,141.277553,,イオンモール札幌発寒店,https://www.fashion-press.net/maps/bline_6297,2026-04-02T07:11:01.861048
gongcha,ゴンチャ,gc_0003,ゴンチャ エスパル仙台,,"""宮城県",,,,38.259064,140.881868,,エスパル仙台,https://www.fashion-press.net/maps/bline_6297,2026-04-02T07:11:01.861048
gongcha,ゴンチャ,gc_0004,ゴンチャ イオンモール名取,,"""宮城県",,,,38.163827,140.895716,,イオンモール名取,https://www.fashion-press.net/maps/bline_6297,2026-04-02T07:11:01.861048
gongcha,ゴンチャ,gc_0005,ゴンチャ ココロ新潟,,"""新潟県",,,,37.912279,139.061714,,ココロ新潟,https://www.fashion-press.net/maps/bline_6297,2026-04-02T07:11:01.861048
gongcha,ゴンチャ,gc_0006,ゴンチャ 水戸エクセル,,"""茨城県",,,,36.371075,140.47592,,水戸エクセル,https://www.fashion-press.net/maps/bline_6297,2026-04-02T07:11:01.861048
gongcha,ゴンチャ,gc_0007,ゴンチャ 宇都宮パセオ,,"""栃木県",,,,36.560762,139.898242,,宇都宮パセオ,https://www.fashion-press.net/maps/bline_6297,2026-04-02T07:11:01.861048
gongcha,ゴンチャ,gc_0008,ゴンチャ イーアスつくば,,"""茨城県",,,,36.086559,140.083909,,イーアスつくば,https://www.fashion-press.net/maps/bline_6297,2026-04-02T07:11:01.861048
gongcha,ゴンチャ,gc_0009,ゴンチャ 成田空港,,"""千葉県",,,,35.775464,140.392873,,成田空港,https://www.fashion-press.net/maps/bline_6297,2026-04-02T07:11:01.861048
gongcha,ゴンチャ,gc_0010,ゴンチャ イオンモール成田,,"""千葉県",,,,35.795833,140.317616,,イオンモール成田,https://www.fashion-press.net/maps/bline_6297,2026-04-02T07:11:01.861048
gongcha,ゴンチャ,gc_0011,ゴンチャ 酒々井プレミアム・アウトレット,,"""千葉県",,,,35.713027,140.293826,,酒々井プレミアム・アウトレット,https://www.fashion-press.net/maps/bline_6297,2026-04-02T07:11:01.861048
gongcha,ゴンチャ,gc_0012,ゴンチャ 佐野プレミアム・アウトレット,,"""栃木県",,,,36.293005,139.604984,,佐野プレミアム・アウトレット,https://www.fashion-press.net/maps/bline_6297,2026-04-02T07:11:01.861048
gongcha,ゴンチャ,gc_0013,ゴンチャ セブンパークアリオ柏,,"""千葉県",,,,35.833427,140.013182,,セブンパークアリオ柏,https://www.fashion-press.net/maps/bline_6297,2026-04-02T07:11:01.861048
gongcha,ゴンチャ,gc_0014,ゴンチャ 柏モディ,,"""千葉県",,,,35.860474,139.968401,,柏モディ,https://www.fashion-press.net/maps/bline_6297,2026-04-02T07:11:01.861048
gongcha,ゴンチャ,gc_0015,ゴンチャ イオンモール八千代緑が丘,,"""千葉県",,,,35.728028,140.073167,,イオンモール八千代緑が丘,https://www.fashion-press.net/maps/bline_6297,2026-04-02T07:11:01.861048
gongcha,ゴンチャ,gc_0016,ゴンチャ 流山おおたかの森S・C,,"""千葉県",,,,35.870266,139.926599,,流山おおたかの森S・C,https://www.fashion-press.net/maps/bline_6297,2026-04-02T07:11:01.861048
gongcha,ゴンチャ,gc_0017,ゴンチャ イオンモール春日部,,"""埼玉県",,,,35.987681,139.788078,,イオンモール春日部,https://www.fashion-press.net/maps/bline_6297,2026-04-02T07:11:01.861048
gongcha,ゴンチャ,gc_0018,ゴンチャ ペリエ千葉,,"""千葉県",,,,35.613174,140.113388,,ペリエ千葉,https://www.fashion-press.net/maps/bline_6297,2026-04-02T07:11:01.861048
gongcha,ゴンチャ,gc_0019,ゴンチャ イオンモール津田沼,,"""千葉県",,,,35.690481,140.024784,,イオンモール津田沼,https://www.fashion-press.net/maps/bline_6297,2026-04-02T07:11:01.861048
gongcha,ゴンチャ,gc_0020,ゴンチャ イオンモール太田,,"""群馬県",,,,36.294045,139.400463,,イオンモール太田,https://www.fashion-press.net/maps/bline_6297,2026-04-02T07:11:01.861048
gongcha,ゴンチャ,gc_0021,ゴンチャ シャポー船橋,,"""千葉県",,,,35.701444,139.986026,,シャポー船橋,https://www.fashion-press.net/maps/bline_6297,2026-04-02T07:11:01.861048
gongcha,ゴンチャ,gc_0022,ゴンチャ モラージュ菖蒲,,"""埼玉県",,,,36.075113,139.611953,,モラージュ菖蒲,https://www.fashion-press.net/maps/bline_6297,2026-04-02T07:11:01.861048
gongcha,ゴンチャ,gc_0023,ゴンチャ イオンモール幕張新都心,幕張新都心 - ショップ・店舗・取り扱い場所 - ファッションプレス,幕張新都,,,,35.653622,140.031689,,イオンモール幕張新都心,https://www.fashion-press.net/maps/bline_6297,2026-04-02T07:11:01.861048
gongcha,ゴンチャ,gc_0024,ゴンチャ イオンモール羽生,,"""埼玉県",,,,36.142866,139.541845,,イオンモール羽生,https://www.fashion-press.net/maps/bline_6297,2026-04-02T07:11:01.861048
gongcha,ゴンチャ,gc_0025,ゴンチャ ららぽーと東京ベイ,,"""千葉県",,,,35.686593,139.990268,,ららぽーと東京ベイ,https://www.fashion-press.net/maps/bline_6297,2026-04-02T07:11:01.861048
gongcha,ゴンチャ,gc_0026,ゴンチャ シャポー市川,,"""千葉県",,,,35.729044,139.907941,,シャポー市川,https://www.fashion-press.net/maps/bline_6297,2026-04-02T07:11:01.861048
gongcha,ゴンチャ,gc_0027,ゴンチャ イオンモール浦和美園,,"""埼玉県",,,,35.891227,139.731012,,イオンモール浦和美園,https://www.fashion-press.net/maps/bline_6297,2026-04-02T07:11:01.861048
gongcha,ゴンチャ,gc_0028,ゴンチャ スマーク伊勢崎,,"""群馬県",,,,36.339562,139.232893,,スマーク伊勢崎,https://www.fashion-press.net/maps/bline_6297,2026-04-02T07:11:01.861048
gongcha,ゴンチャ,gc_0029,ゴンチャ アトレ新浦安,,"""千葉県",,,,35.649373,139.912492,,アトレ新浦安,https://www.fashion-press.net/maps/bline_6297,2026-04-02T07:11:01.861048
gongcha,ゴンチャ,gc_0030,ゴンチャ イオンモール川口前川,,"""埼玉県",,,,35.834186,139.707058,,イオンモール川口前川,https://www.fashion-press.net/maps/bline_6297,2026-04-02T07:11:01.861048
gongcha,ゴンチャ,gc_0031,ゴンチャ 大宮アルシェ,,"""埼玉県",,,,35.906137,139.622049,,大宮アルシェ,https://www.fashion-press.net/maps/bline_6297,2026-04-02T07:11:01.861048
gongcha,ゴンチャ,gc_0032,ゴンチャ アトレ亀戸,,"""東京都",,,,35.697831,139.826276,,アトレ亀戸,https://www.fashion-press.net/maps/bline_6297,2026-04-02T07:11:01.861048
gongcha,ゴンチャ,gc_0033,ゴンチャ アトレ浦和,,"""埼玉県",,,,35.85941,139.657017,,アトレ浦和,https://www.fashion-press.net/maps/bline_6297,2026-04-02T07:11:01.861048
gongcha,ゴンチャ,gc_0034,ゴンチャ アリオ北砂,,"""東京都",,,,35.682958,139.823479,,アリオ北砂,https://www.fashion-press.net/maps/bline_6297,2026-04-02T07:11:01.861048
gongcha,ゴンチャ,gc_0035,ゴンチャ エキュート赤羽,,"""東京都",,,,35.777984,139.720931,,エキュート赤羽,https://www.fashion-press.net/maps/bline_6297,2026-04-02T07:11:01.861048
gongcha,ゴンチャ,gc_0036,ゴンチャ エキュート上野,,"""東京都",,,,35.713716,139.777086,,エキュート上野,https://www.fashion-press.net/maps/bline_6297,2026-04-02T07:11:01.861048
gongcha,ゴンチャ,gc_0037,ゴンチャ 松坂屋上野,,"""東京都",,,,35.707485,139.773327,,松坂屋上野,https://www.fashion-press.net/maps/bline_6297,2026-04-02T07:11:01.861048
gongcha,ゴンチャ,gc_0038,ゴンチャ 秋葉原中央通り店,,"""東京都",,2025-05-30,,35.698443,139.772432,,秋葉原中央通り店,https://www.fashion-press.net/maps/bline_6297,2026-04-02T07:11:01.861048
gongcha,ゴンチャ,gc_0039,ゴンチャ けやきウォーク前橋,,"""群馬県",,,,36.378552,139.078239,,けやきウォーク前橋,https://www.fashion-press.net/maps/bline_6297,2026-04-02T07:11:01.861048
gongcha,ゴンチャ,gc_0040,ゴンチャ 東京駅グランスタ,,"""東京都",,,,35.681518,139.767295,,東京駅グランスタ,https://www.fashion-press.net/maps/bline_6297,2026-04-02T07:11:01.861048
gongcha,ゴンチャ,gc_0041,ゴンチャ ららぽーと豊洲,,"""東京都",,,,35.655141,139.792766,,ららぽーと豊洲,https://www.fashion-press.net/maps/bline_6297,2026-04-02T07:11:01.861048
gongcha,ゴンチャ,gc_0042,ゴンチャ ルミネ池袋,,"""東京都",,,,35.728845,139.709308,,ルミネ池袋,https://www.fashion-press.net/maps/bline_6297,2026-04-02T07:11:01.861048
gongcha,ゴンチャ,gc_0043,ゴンチャ アトレ四谷,,"""東京都",,,,35.686186,139.730197,,アトレ四谷,https://www.fashion-press.net/maps/bline_6297,2026-04-02T07:11:01.861048
gongcha,ゴンチャ,gc_0044,ゴンチャ ららぽーと富士見,,"""埼玉県",,,,35.860568,139.547482,,ららぽーと富士見,https://www.fashion-press.net/maps/bline_6297,2026-04-02T07:11:01.861048
gongcha,ゴンチャ,gc_0045,ゴンチャ 新宿マルイ,,"""東京都",,,,35.69096,139.704033,,新宿マルイ,https://www.fashion-press.net/maps/bline_6297,2026-04-02T07:11:01.861048
gongcha,ゴンチャ,gc_0046,ゴンチャ 光が丘IMA,,"""東京都",,,,35.758944,139.628812,,光が丘IMA,https://www.fashion-press.net/maps/bline_6297,2026-04-02T07:11:01.861048
gongcha,ゴンチャ,gc_0047,ゴンチャ ふかや花園プレミアム・アウトレット,,"""埼玉県",,,,36.132572,139.249311,,ふかや花園プレミアム・アウトレット,https://www.fashion-press.net/maps/bline_6297,2026-04-02T07:11:01.861048
gongcha,ゴンチャ,gc_0048,ゴンチャ 原宿神宮前店,,"""東京都",,2025-03-14,,35.669442,139.706315,,原宿神宮前店,https://www.fashion-press.net/maps/bline_6297,2026-04-02T07:11:01.861048
gongcha,ゴンチャ,gc_0049,ゴンチャ 原宿表参道店,,"""東京都",,,,35.667458,139.705903,,原宿表参道店,https://www.fashion-press.net/maps/bline_6297,2026-04-02T07:11:01.861048
gongcha,ゴンチャ,gc_0050,ゴンチャ 高崎オーパ,,"""群馬県",,,,36.323676,139.01114,,高崎オーパ,https://www.fashion-press.net/maps/bline_6297,2026-04-02T07:11:01.861048
gongcha,ゴンチャ,gc_0051,ゴンチャ アトレ大森,,"""東京都",,,,35.588504,139.728557,,アトレ大森,https://www.fashion-press.net/maps/bline_6297,2026-04-02T07:11:01.861048
gongcha,ゴンチャ,gc_0052,ゴンチャ キラリナ京王吉祥寺,,"""東京都",,,,35.70276,139.580072,,キラリナ京王吉祥寺,https://www.fashion-press.net/maps/bline_6297,2026-04-02T07:11:01.861048
gongcha,ゴンチャ,gc_0053,ゴンチャ アトレ吉祥寺,,"""東京都",,,,35.70305,139.579549,,アトレ吉祥寺,https://www.fashion-press.net/maps/bline_6297,2026-04-02T07:11:01.861048
gongcha,ゴンチャ,gc_0054,ゴンチャ 自由が丘店,,"""東京都",,,,35.607379,139.669352,,自由が丘店,https://www.fashion-press.net/maps/bline_6297,2026-04-02T07:11:01.861048
gongcha,ゴンチャ,gc_0055,ゴンチャ グランエミオ所沢,,"""埼玉県",,,,35.7873659,139.4745467,,グランエミオ所沢,https://www.fashion-press.net/maps/bline_6297,2026-04-02T07:11:01.861048
gongcha,ゴンチャ,gc_0056,ゴンチャ 玉川タカシマヤS・C,,"""東京都",,,,35.614145,139.626878,,玉川タカシマヤS・C,https://www.fashion-press.net/maps/bline_6297,2026-04-02T07:11:01.861048
gongcha,ゴンチャ,gc_0057,ゴンチャ 武蔵小杉東急スクエア,神奈川県川崎市中原区小杉町3-472,神奈川県,,,,35.57587,139.659437,,武蔵小杉東急スクエア,https://www.fashion-press.net/maps/bline_6297,2026-04-02T07:11:01.861048
gongcha,ゴンチャ,gc_0058,ゴンチャ アトレ川崎,神奈川県川崎市川崎区駅前本町26-1,神奈川県,,,,35.530934,139.697665,,アトレ川崎,https://www.fashion-press.net/maps/bline_6297,2026-04-02T07:11:01.861048
gongcha,ゴンチャ,gc_0059,ゴンチャ 川崎ルフロン,神奈川県川崎市川崎区日進町1-11,神奈川県,,,,35.529539,139.696536,,川崎ルフロン,https://www.fashion-press.net/maps/bline_6297,2026-04-02T07:11:01.861048
gongcha,ゴンチャ,gc_0060,ゴンチャ マルイファミリー溝口,神奈川県川崎市高津区溝口1-4-1,神奈川県,,,,35.599235,139.612945,,マルイファミリー溝口,https://www.fashion-press.net/maps/bline_6297,2026-04-02T07:11:01.861048
gongcha,ゴンチャ,gc_0061,ゴンチャ 調布パルコ,,"""東京都",,,,35.653023,139.543685,,調布パルコ,https://www.fashion-press.net/maps/bline_6297,2026-04-02T07:11:01.861048
gongcha,ゴンチャ,gc_0062,ゴンチャ 三井アウトレットパーク 入間,,"""埼玉県",,,,35.810185,139.380212,,三井アウトレットパーク 入間,https://www.fashion-press.net/maps/bline_6297,2026-04-02T07:11:01.861048
gongcha,ゴンチャ,gc_0063,ゴンチャ イオンモールむさし村山,,"""東京都",,,,35.746746,139.384991,,イオンモールむさし村山,https://www.fashion-press.net/maps/bline_6297,2026-04-02T07:11:01.861048
gongcha,ゴンチャ,gc_0064,ゴンチャ ららぽーと立川立飛,,"""東京都",,,,35.712605,139.417025,,ららぽーと立川立飛,https://www.fashion-press.net/maps/bline_6297,2026-04-02T07:11:01.861048
gongcha,ゴンチャ,gc_0065,ゴンチャ グランデュオ立川,,"""東京都",,,,35.697446,139.414997,,グランデュオ立川,https://www.fashion-press.net/maps/bline_6297,2026-04-02T07:11:01.861048
gongcha,ゴンチャ,gc_0066,ゴンチャ ルミネ立川,,"""東京都",,,,35.697294,139.414096,,ルミネ立川,https://www.fashion-press.net/maps/bline_6297,2026-04-02T07:11:01.861048
gongcha,ゴンチャ,gc_0067,ゴンチャ 横浜ワールドポーターズ,神奈川県横浜市中区新港2-2-1,神奈川県,,,,35.454334,139.638503,,横浜ワールドポーターズ,https://www.fashion-press.net/maps/bline_6297,2026-04-02T07:11:01.861048
gongcha,ゴンチャ,gc_0068,ゴンチャ 横浜ポルタ,神奈川県横浜市西区高島2-16,神奈川県,,,,35.465,139.623477,,横浜ポルタ,https://www.fashion-press.net/maps/bline_6297,2026-04-02T07:11:01.861048
gongcha,ゴンチャ,gc_0069,ゴンチャ 横浜ランドマークプラザ,神奈川県横浜市西区みなとみらい2-2-1,神奈川県,,,,35.45524,139.631084,,横浜ランドマークプラザ,https://www.fashion-press.net/maps/bline_6297,2026-04-02T07:11:01.861048
gongcha,ゴンチャ,gc_0070,ゴンチャ ららぽーと横浜,神奈川県横浜市都筑区池辺町4035-1,神奈川県,,,,35.517909,139.566314,,ららぽーと横浜,https://www.fashion-press.net/maps/bline_6297,2026-04-02T07:11:01.861048
gongcha,ゴンチャ,gc_0071,ゴンチャ 横浜ビブレ,神奈川県横浜市西区南幸2-15-13,神奈川県,,,,35.464875,139.618027,,横浜ビブレ,https://www.fashion-press.net/maps/bline_6297,2026-04-02T07:11:01.861048
gongcha,ゴンチャ,gc_0072,ゴンチャ セレオ八王子,,"""東京都",,,,35.656169,139.339018,,セレオ八王子,https://www.fashion-press.net/maps/bline_6297,2026-04-02T07:11:01.861048
gongcha,ゴンチャ,gc_0073,ゴンチャ 町田モディ,,"""東京都",,,,35.543262,139.445182,,町田モディ,https://www.fashion-press.net/maps/bline_6297,2026-04-02T07:11:01.861048
gongcha,ゴンチャ,gc_0074,ゴンチャ 南町田グランベリーパーク,,"""東京都",,,,35.509736,139.470834,,南町田グランベリーパーク,https://www.fashion-press.net/maps/bline_6297,2026-04-02T07:11:01.861048
gongcha,ゴンチャ,gc_0075,ゴンチャ 相模大野ステーションスクエア,神奈川県相模原市南区相模大野3-8-1,神奈川県,,,,35.531588,139.435191,,相模大野ステーションスクエア,https://www.fashion-press.net/maps/bline_6297,2026-04-02T07:11:01.861048
gongcha,ゴンチャ,gc_0076,ゴンチャ ららぽーと海老名,神奈川県海老名市扇町13-1,神奈川県,,,,35.456039,139.389164,,ららぽーと海老名,https://www.fashion-press.net/maps/bline_6297,2026-04-02T07:11:01.861048
gongcha,ゴンチャ,gc_0077,ゴンチャ テラスモール湘南,神奈川県藤沢市辻堂神台1-3-1,神奈川県,,,,35.3379,139.445984,,テラスモール湘南,https://www.fashion-press.net/maps/bline_6297,2026-04-02T07:11:01.861048
gongcha,ゴンチャ,gc_0078,ゴンチャ ららぽーと湘南平塚,神奈川県平塚市天沼10-1,神奈川県,,,,35.339104,139.356034,,ららぽーと湘南平塚,https://www.fashion-press.net/maps/bline_6297,2026-04-02T07:11:01.861048
gongcha,ゴンチャ,gc_0079,ゴンチャ 御殿場プレミアム・アウトレット,,"""静岡県",,,,35.308107,138.962411,,御殿場プレミアム・アウトレット,https://www.fashion-press.net/maps/bline_6297,2026-04-02T07:11:01.861048
gongcha,ゴンチャ,gc_0080,ゴンチャ イオンモール甲府昭和,ール甲府昭和 - ショップ・店舗・取り扱い場所 - ファッションプレス,ール甲府,,,,35.622751,138.527328,,イオンモール甲府昭和,https://www.fashion-press.net/maps/bline_6297,2026-04-02T07:11:01.861048
gongcha,ゴンチャ,gc_0081,ゴンチャ ららぽーと沼津,,"""静岡県",,,,35.118147,138.839543,,ららぽーと沼津,https://www.fashion-press.net/maps/bline_6297,2026-04-02T07:11:01.861048
gongcha,ゴンチャ,gc_0082,ゴンチャ 富山駅前マルート,,"""富山県",,,,36.701477,137.212181,,富山駅前マルート,https://www.fashion-press.net/maps/bline_6297,2026-04-02T07:11:01.861048
gongcha,ゴンチャ,gc_0083,ゴンチャ ららぽーと磐田,,"""静岡県",,,,34.750402,137.841877,,ららぽーと磐田,https://www.fashion-press.net/maps/bline_6297,2026-04-02T07:11:01.861048
gongcha,ゴンチャ,gc_0084,ゴンチャ イオンモール土岐,,"""岐阜県",,,,35.345807,137.15374,,イオンモール土岐,https://www.fashion-press.net/maps/bline_6297,2026-04-02T07:11:01.861048
gongcha,ゴンチャ,gc_0085,ゴンチャ イーアス春日井,,"""愛知県",,,,35.258267,136.982199,,イーアス春日井,https://www.fashion-press.net/maps/bline_6297,2026-04-02T07:11:01.861048
gongcha,ゴンチャ,gc_0086,ゴンチャ イオンモール長久手,,"""愛知県",,,,35.173514,137.05142,,イオンモール長久手,https://www.fashion-press.net/maps/bline_6297,2026-04-02T07:11:01.861048
gongcha,ゴンチャ,gc_0087,ゴンチャ イオンモール各務原,,"""岐阜県",,,,35.391781,136.82442,,イオンモール各務原,https://www.fashion-press.net/maps/bline_6297,2026-04-02T07:11:01.861048
gongcha,ゴンチャ,gc_0088,ゴンチャ ららぽーと愛知東郷,,"""愛知県",,,,35.098772,137.04689,,ららぽーと愛知東郷,https://www.fashion-press.net/maps/bline_6297,2026-04-02T07:11:01.861048
gongcha,ゴンチャ,gc_0089,ゴンチャ イオンモールナゴヤドーム前,,"""愛知県",,,,35.187175,136.944094,,イオンモールナゴヤドーム前,https://www.fashion-press.net/maps/bline_6297,2026-04-02T07:11:01.861048
gongcha,ゴンチャ,gc_0090,ゴンチャ モレラ岐阜,巣・山県/ショップ,巣・山県,,,,35.454938,136.672639,,モレラ岐阜,https://www.fashion-press.net/maps/bline_6297,2026-04-02T07:11:01.861048
gongcha,ゴンチャ,gc_0091,ゴンチャ オアシス21,,"""愛知県",,,,35.171203,136.909553,,オアシス21,https://www.fashion-press.net/maps/bline_6297,2026-04-02T07:11:01.861048
gongcha,ゴンチャ,gc_0092,ゴンチャ サカエチカ,,"""愛知県",,,,35.168612,136.906412,,サカエチカ,https://www.fashion-press.net/maps/bline_6297,2026-04-02T07:11:01.861048
gongcha,ゴンチャ,gc_0093,ゴンチャ 松坂屋名古屋南館,,"""愛知県",,,,35.166148,136.908041,,松坂屋名古屋南館,https://www.fashion-press.net/maps/bline_6297,2026-04-02T07:11:01.861048
gongcha,ゴンチャ,gc_0094,ゴンチャ イオンモール名古屋ノリタケガーデン,,"""愛知県",,,,35.179668,136.880244,,イオンモール名古屋ノリタケガーデン,https://www.fashion-press.net/maps/bline_6297,2026-04-02T07:11:01.861048
gongcha,ゴンチャ,gc_0095,ゴンチャ ららぽーと名古屋みなとアクルス,,"""愛知県",,,,35.110166,136.882808,,ららぽーと名古屋みなとアクルス,https://www.fashion-press.net/maps/bline_6297,2026-04-02T07:11:01.861048
gongcha,ゴンチャ,gc_0096,ゴンチャ イオンモール東浦,,"""愛知県",,,,34.978683,136.974099,,イオンモール東浦,https://www.fashion-press.net/maps/bline_6297,2026-04-02T07:11:01.861048
gongcha,ゴンチャ,gc_0097,ゴンチャ 三井アウトレットパーク ジャズドリーム長島,,"""三重県",,,,35.029416,136.725758,,三井アウトレットパーク ジャズドリーム長島,https://www.fashion-press.net/maps/bline_6297,2026-04-02T07:11:01.861048
gongcha,ゴンチャ,gc_0098,ゴンチャ イオンモール常滑,,"""愛知県",,,,34.881918,136.826371,,イオンモール常滑,https://www.fashion-press.net/maps/bline_6297,2026-04-02T07:11:01.861048
gongcha,ゴンチャ,gc_0099,ゴンチャ イオンモール津南,,"""三重県",,,,34.670696,136.51789,,イオンモール津南,https://www.fashion-press.net/maps/bline_6297,2026-04-02T07:11:01.861048
gongcha,ゴンチャ,gc_0100,ゴンチャ 三井アウトレットパーク 滋賀竜王,,"""滋賀県",,,,35.058694,136.099553,,三井アウトレットパーク 滋賀竜王,https://www.fashion-press.net/maps/bline_6297,2026-04-02T07:11:01.861048
gongcha,ゴンチャ,gc_0101,ゴンチャ 洛北阪急スクエア,:,":""京都",,,,35.041117,135.779019,,洛北阪急スクエア,https://www.fashion-press.net/maps/bline_6297,2026-04-02T07:11:01.861048
gongcha,ゴンチャ,gc_0102,ゴンチャ 京都ポルタ,:,":""京都",,,,34.987271,135.758906,,京都ポルタ,https://www.fashion-press.net/maps/bline_6297,2026-04-02T07:11:01.861048
gongcha,ゴンチャ,gc_0103,ゴンチャ イオンモールKYOTO,:,":""京都",,,,34.982806,135.754594,,イオンモールKYOTO,https://www.fashion-press.net/maps/bline_6297,2026-04-02T07:11:01.861048
gongcha,ゴンチャ,gc_0104,ゴンチャ イオンモール久御山,:,":""京都",,,,34.893116,135.746164,,イオンモール久御山,https://www.fashion-press.net/maps/bline_6297,2026-04-02T07:11:01.861048
gongcha,ゴンチャ,gc_0105,ゴンチャ くずはモール,,"""大阪府",,,,34.86167,135.677371,,くずはモール,https://www.fashion-press.net/maps/bline_6297,2026-04-02T07:11:01.861048
gongcha,ゴンチャ,gc_0106,ゴンチャ イオンモール四條畷,,"""大阪府",,,,34.746016,135.629281,,イオンモール四條畷,https://www.fashion-press.net/maps/bline_6297,2026-04-02T07:11:01.861048
gongcha,ゴンチャ,gc_0107,ゴンチャ イオンモール大日,,"""大阪府",,,,34.748688,135.580285,,イオンモール大日,https://www.fashion-press.net/maps/bline_6297,2026-04-02T07:11:01.861048
gongcha,ゴンチャ,gc_0108,ゴンチャ みのおキューズモール,,"""大阪府",,,,34.833153,135.479829,,みのおキューズモール,https://www.fashion-press.net/maps/bline_6297,2026-04-02T07:11:01.861048
gongcha,ゴンチャ,gc_0109,ゴンチャ アリオ八尾,,"""大阪府",,,,34.632844,135.605824,,アリオ八尾,https://www.fashion-press.net/maps/bline_6297,2026-04-02T07:11:01.861048
gongcha,ゴンチャ,gc_0110,ゴンチャ イオンモール伊丹,,"""兵庫県",,,,34.781762,135.423545,,イオンモール伊丹,https://www.fashion-press.net/maps/bline_6297,2026-04-02T07:11:01.861048
gongcha,ゴンチャ,gc_0111,ゴンチャ リンクス梅田,,"""大阪府",,,,34.704202,135.495547,,リンクス梅田,https://www.fashion-press.net/maps/bline_6297,2026-04-02T07:11:01.861048
gongcha,ゴンチャ,gc_0112,ゴンチャ ルクア大阪,,"""大阪府",,2024-03-01,,34.702948,135.495567,,ルクア大阪,https://www.fashion-press.net/maps/bline_6297,2026-04-02T07:11:01.861048
gongcha,ゴンチャ,gc_0113,ゴンチャ 心斎橋ビッグステップ,,"""大阪府",,,,34.672279,135.498753,,心斎橋ビッグステップ,https://www.fashion-press.net/maps/bline_6297,2026-04-02T07:11:01.861048
gongcha,ゴンチャ,gc_0114,ゴンチャ なんばシティ,,"""大阪府",,,,34.664158,135.50138,,なんばシティ,https://www.fashion-press.net/maps/bline_6297,2026-04-02T07:11:01.861048
gongcha,ゴンチャ,gc_0115,ゴンチャ あまがさきキューズモール,,"""兵庫県",,,,34.733584,135.430443,,あまがさきキューズモール,https://www.fashion-press.net/maps/bline_6297,2026-04-02T07:11:01.861048
gongcha,ゴンチャ,gc_0116,ゴンチャ 天王寺ミオ,,"""大阪府",,,,34.646787,135.51459,,天王寺ミオ,https://www.fashion-press.net/maps/bline_6297,2026-04-02T07:11:01.861048
gongcha,ゴンチャ,gc_0117,ゴンチャ あべのHoop,,"""大阪府",,,,34.645166,135.513754,,あべのHoop,https://www.fashion-press.net/maps/bline_6297,2026-04-02T07:11:01.861048
gongcha,ゴンチャ,gc_0118,ゴンチャ あべのキューズモール,,"""大阪府",,,,34.645096,135.51153,,あべのキューズモール,https://www.fashion-press.net/maps/bline_6297,2026-04-02T07:11:01.861048
gongcha,ゴンチャ,gc_0119,ゴンチャ ららぽーと堺,,"""大阪府",,,,34.540632,135.560705,,ららぽーと堺,https://www.fashion-press.net/maps/bline_6297,2026-04-02T07:11:01.861048
gongcha,ゴンチャ,gc_0120,ゴンチャ イオンモール堺鉄砲町,,"""大阪府",,,,34.594046,135.481241,,イオンモール堺鉄砲町,https://www.fashion-press.net/maps/bline_6297,2026-04-02T07:11:01.861048
gongcha,ゴンチャ,gc_0121,ゴンチャ 三宮オーパ2,,"""兵庫県",,,,34.695124,135.196433,,三宮オーパ2,https://www.fashion-press.net/maps/bline_6297,2026-04-02T07:11:01.861048
gongcha,ゴンチャ,gc_0122,ゴンチャ りんくうプレミアム・アウトレット,,"""大阪府",,,,34.4059,135.295551,,りんくうプレミアム・アウトレット,https://www.fashion-press.net/maps/bline_6297,2026-04-02T07:11:01.861048
gongcha,ゴンチャ,gc_0123,ゴンチャ サンステーションテラス岡山,,"""岡山県",,,,34.665944,133.917671,,サンステーションテラス岡山,https://www.fashion-press.net/maps/bline_6297,2026-04-02T07:11:01.861048
gongcha,ゴンチャ,gc_0124,ゴンチャ ジ アウトレット北九州,,"""福岡県",,,,33.873097,130.811519,,ジ アウトレット北九州,https://www.fashion-press.net/maps/bline_6297,2026-04-02T07:11:01.861048
gongcha,ゴンチャ,gc_0125,ゴンチャ イオンモール八幡東,,"""福岡県",,,,33.87041,130.811519,,イオンモール八幡東,https://www.fashion-press.net/maps/bline_6297,2026-04-02T07:11:01.861048
gongcha,ゴンチャ,gc_0126,ゴンチャ イオンモール直方,,"""福岡県",,,,33.768647,130.749866,,イオンモール直方,https://www.fashion-press.net/maps/bline_6297,2026-04-02T07:11:01.861048
gongcha,ゴンチャ,gc_0127,ゴンチャ 博多マルイ,,"""福岡県",,,,33.591341,130.421522,,博多マルイ,https://www.fashion-press.net/maps/bline_6297,2026-04-02T07:11:01.861048
gongcha,ゴンチャ,gc_0128,ゴンチャ ららぽーと福岡,,"""福岡県",,,,33.564985,130.44039,,ららぽーと福岡,https://www.fashion-press.net/maps/bline_6297,2026-04-02T07:11:01.861048
gongcha,ゴンチャ,gc_0129,ゴンチャ 福岡パルコ,,"""福岡県",,,,33.591057,130.398377,,福岡パルコ,https://www.fashion-press.net/maps/bline_6297,2026-04-02T07:11:01.861048
gongcha,ゴンチャ,gc_0130,ゴンチャ 鳥栖プレミアム・アウトレット,,"""佐賀県",,,,33.406485,130.511637,,鳥栖プレミアム・アウトレット,https://www.fashion-press.net/maps/bline_6297,2026-04-02T07:11:01.861048
gongcha,ゴンチャ,gc_0131,ゴンチャ アミュプラザくまもと,,"""熊本県",,,,32.788283,130.688061,,アミュプラザくまもと,https://www.fashion-press.net/maps/bline_6297,2026-04-02T07:11:01.861048
gongcha,ゴンチャ,gc_0132,ゴンチャ イオンモール宮崎,,"""宮崎県",,,,31.923327,131.454587,,イオンモール宮崎,https://www.fashion-press.net/maps/bline_6297,2026-04-02T07:11:01.861048
gongcha,ゴンチャ,gc_0133,ゴンチャ アミュプラザ長崎,,"""長崎県",,,,32.751674,129.87089,,アミュプラザ長崎,https://www.fashion-press.net/maps/bline_6297,2026-04-02T07:11:01.861048
gongcha,ゴンチャ,gc_0134,ゴンチャ アミュプラザ鹿児島,鹿児島県鹿児島市中央町1-1,鹿児島県,,,,31.58383,130.541734,,アミュプラザ鹿児島,https://www.fashion-press.net/maps/bline_6297,2026-04-02T07:11:01.861048
gongcha,ゴンチャ,gc_0135,ゴンチャ サンエー浦添西海岸パルコシティ,,"""沖縄県",,,,26.261871,127.697862,,サンエー浦添西海岸パルコシティ,https://www.fashion-press.net/maps/bline_6297,2026-04-02T07:11:01.861048
gongcha,ゴンチャ,gc_0136,ゴンチャ 那覇メインプレイス,,"""沖縄県",,,,26.226479,127.695009,,那覇メインプレイス,https://www.fashion-press.net/maps/bline_6297,2026-04-02T07:11:01.861048
gongcha,ゴンチャ,gc_0137,ゴンチャ イーアス沖縄豊崎,,"""沖縄県",,,,26.157735,127.650977,,イーアス沖縄豊崎,https://www.fashion-press.net/maps/bline_6297,2026-04-02T07:11:01.861048
crisp,クリスプサラダワークス,0Oe87UaNgIJ4pyhL506R,クリスプサラダワークス フォレストスクエア仙川店,東京都調布市仙川町3-1-17 フォレストスクエア仙川 2F,東京都,,,,35.66308875735815,139.5849658107807,,,https://crisp.co.jp/location,2026-04-02T07:13:35.584897
crisp,クリスプサラダワークス,0t3H918ikMNzsR07WJ7k,クリスプサラダワークス 駒沢公園店,東京都世田谷区駒沢5-25-5 パークハイム駒沢 1F,東京都,,,,35.6268749,139.6560701,,,https://crisp.co.jp/location,2026-04-02T07:13:35.584897
crisp,クリスプサラダワークス,0uCjL83ysM2BigQTTDop,クリスプサラダワークス 天王洲パークサイドビル店,東京都品川区東品川2-5-8 天王洲パークサイドビル 2F,東京都,,,,35.6213163840955,139.75042782570247,,,https://crisp.co.jp/location,2026-04-02T07:13:35.584897
crisp,クリスプサラダワークス,2y37dWNOtn9T3x79DWz4,クリスプサラダワークス 赤坂インターシティAIR店,東京都港区赤坂1-8-1 赤坂インターシティAIR 2F,東京都,,,,35.67010940569005,139.74254639794475,,,https://crisp.co.jp/location,2026-04-02T07:13:35.584897
crisp,クリスプサラダワークス,3VPIzJR0TUiUPtQRSM0m,クリスプサラダワークス MARK IS みなとみらい店,神奈川県横浜市西区みなとみらい3-5-1 MARK IS みなとみらい B1F,神奈川県,,,,35.45783299401505,139.6321502489899,,,https://crisp.co.jp/location,2026-04-02T07:13:35.584897
crisp,クリスプサラダワークス,4PVnsSlDeHQZ9Ub1fp9E,クリスプサラダワークス 新宿三井ビル店,東京都新宿区西新宿2-1-1 新宿三井ビルディング B1F,東京都,,,,35.69170858321023,139.69435068284875,,,https://crisp.co.jp/location,2026-04-02T07:13:35.584897
crisp,クリスプサラダワークス,6L5OJFiQ0sJT0Dt3LizY,クリスプサラダワークス 新宿グランドタワー店,東京都新宿区西新宿8-17-3 住友不動産新宿グランドタワー B1F,東京都,,,,35.6960435,139.6890938,,,https://crisp.co.jp/location,2026-04-02T07:13:35.584897
crisp,クリスプサラダワークス,8L312UHclRf9OpfZESfo,クリスプサラダワークス 東京ガーデンテラス紀尾井町店,東京都千代田区紀尾井町1-3 東京ガーデンテラス紀尾井町 1F,東京都,,,,35.67944461879623,139.73677074667114,,,https://crisp.co.jp/location,2026-04-02T07:13:35.584897
crisp,クリスプサラダワークス,8ysE5eKIrlLlDxTdtieZ,クリスプサラダワークス 城山トラストタワー店,東京都港区虎ノ門4-3-1 城山トラストタワー 2F,東京都,,,,35.66468,139.74307,,,https://crisp.co.jp/location,2026-04-02T07:13:35.584897
crisp,クリスプサラダワークス,9kz3iQhdsQwxUWuK7wHl,クリスプサラダワークス NEWoMan横浜店,神奈川県横浜市西区南幸1-1-1 NEWoMan横浜 8F,神奈川県,,,,35.4662828,139.621902,,,https://crisp.co.jp/location,2026-04-02T07:13:35.584897
crisp,クリスプサラダワークス,BUcXrWlAwQ1HSw1TXIh5,クリスプサラダワークス コレド室町テラス店,東京都中央区日本橋室町3-2-1 コレド室町テラス B1F,東京都,,,,35.68749810000001,139.7728438,,,https://crisp.co.jp/location,2026-04-02T07:13:35.584897
crisp,クリスプサラダワークス,EHroETbGwamuz1ZIRMEy,クリスプサラダワークス ＫＩＴＴＥ大阪店,大阪府大阪市北区梅田3-2-2 ＫＩＴＴＥ大阪 B1F,大阪府,,,,34.70072771983805,135.49418938950862,,,https://crisp.co.jp/location,2026-04-02T07:13:35.584897
crisp,クリスプサラダワークス,EnWOXsCQ3R6urQp5xMhs,クリスプサラダワークス 梅田エスト店,大阪府大阪市北区角田町3-25  梅田エスト 1F EST FOODHALL,大阪府,,,,34.704955818735186,135.50079830843208,,,https://crisp.co.jp/location,2026-04-02T07:13:35.584897
crisp,クリスプサラダワークス,IYPd7j7VGXho1tQpCGBY,クリスプサラダワークス 虎ノ門ヒルズ 森タワー店（2F）,東京都港区虎ノ門1-23-3 虎ノ門ヒルズ 森タワー 2F,東京都,,,,35.6668271,139.7491539,,,https://crisp.co.jp/location,2026-04-02T07:13:35.584897
crisp,クリスプサラダワークス,JmZT2AJMo4CdmBKqH5lC,クリスプサラダワークス 日比谷国際ビル店,東京都千代田区内幸町2-2-3 日比谷国際ビル B1F,東京都,,,,35.6698455,139.7523978,,,https://crisp.co.jp/location,2026-04-02T07:13:35.584897
crisp,クリスプサラダワークス,KO5612GBJnG3qjWuiNHv,クリスプサラダワークス 六本木ヒルズ店,東京都港区六本木6-10-1 六本木ヒルズヒルサイド 1F,東京都,,,,35.6603726,139.7297415,,,https://crisp.co.jp/location,2026-04-02T07:13:35.584897
crisp,クリスプサラダワークス,KuEA8hKFQW9Abklpphmz,クリスプサラダワークス NEWoMan新宿店,東京都渋谷区千駄ヶ谷5-24-55 NEWoMan新宿 2F エキソト,東京都,,,,35.6884177,139.701427,,,https://crisp.co.jp/location,2026-04-02T07:13:35.584897
crisp,クリスプサラダワークス,L3Nd7Md0PuWJQLhZVf7X,クリスプサラダワークス 二子玉川店,東京都世田谷区玉川3-19-3 1F,東京都,,,,35.6150112,139.6269396,,,https://crisp.co.jp/location,2026-04-02T07:13:35.584897
crisp,クリスプサラダワークス,LnUjWFJdJ6t89FAAHa8a,クリスプサラダワークス 渋谷スクランブルスクエア店,東京都渋谷区渋谷2-24-12 渋谷スクランブルスクエア 2F,東京都,,,,35.6584638,139.7022621,,,https://crisp.co.jp/location,2026-04-02T07:13:35.584897
crisp,クリスプサラダワークス,MW0nbJUXnxEljtElURqR,クリスプサラダワークス 大手町プレイス店,東京都千代田区大手町2-3-1 大手町プレイス 1F,東京都,,,,35.68709447889615,139.76787398178408,,,https://crisp.co.jp/location,2026-04-02T07:13:35.584897
crisp,クリスプサラダワークス,NjStVKpKDL5VkaFBeMBS,クリスプサラダワークス 丸の内センタービル店,東京都千代田区丸の内1-6-1  丸の内センタービルディング B1F,東京都,,,,35.684101198639816,139.76577309242697,,,https://crisp.co.jp/location,2026-04-02T07:13:35.584897
crisp,クリスプサラダワークス,O0oR8yRloCphROQk4xI1,クリスプサラダワークス 東京汐留ビルディング店,東京都港区東新橋1-9-1 東京汐留ビルディング 2F,東京都,,,,35.6629438,139.7586398,,,https://crisp.co.jp/location,2026-04-02T07:13:35.584897
crisp,クリスプサラダワークス,OhvXFt70wPyIVgWrIXfI,クリスプサラダワークス リンクスクエア新宿店,東京都渋谷区千駄ヶ谷5-27-5 リンクスクエア新宿 1F,東京都,,,,35.68610023732446,139.70310156703917,,,https://crisp.co.jp/location,2026-04-02T07:13:35.584897
crisp,クリスプサラダワークス,Rvpxc8IvPjPCeY4XHLvR,クリスプサラダワークス 有明ガーデン店,東京都江東区有明2-1-8 有明ガーデン 2F ARIAKE FOOD STAGE,東京都,,,,35.6381477349626,139.79328618704935,,,https://crisp.co.jp/location,2026-04-02T07:13:35.584897
crisp,クリスプサラダワークス,TcKCXQ7unkumVtYdRxES,クリスプサラダワークス コモレ四谷店,東京都新宿区四谷1-6-1 コモレ四谷 1F,東京都,,,,35.68762417128932,139.72922070500857,,,https://crisp.co.jp/location,2026-04-02T07:13:35.584897
crisp,クリスプサラダワークス,TtKnjCwkqGNzBGImwpIt,クリスプサラダワークス 新宿パークタワー店,東京都新宿区西新宿3-7-1 新宿パークタワー B1F,東京都,,,,35.6855042,139.6881637,,,https://crisp.co.jp/location,2026-04-02T07:13:35.584897
crisp,クリスプサラダワークス,U5HLSjjF5NwZupSTtC1p,クリスプサラダワークス アークヒルズ店,東京都港区赤坂1-12-32 アーク森ビル 3F,東京都,,,,35.6671134,139.740135,,,https://crisp.co.jp/location,2026-04-02T07:13:35.584897
crisp,クリスプサラダワークス,VJCJUdkj9CUCGJ70Onda,クリスプサラダワークス 赤坂Bizタワー店,東京都港区赤坂5-3-1 赤坂Bizタワー B1F,東京都,,,,35.673049,139.7362794,,,https://crisp.co.jp/location,2026-04-02T07:13:35.584897
crisp,クリスプサラダワークス,Zh01p0R7el1X1n6GWmQZ,クリスプサラダワークス みなとみらいグランドセントラルタワー店,神奈川県横浜市西区みなとみらい4-6-2 グランドセントラルタワー 1F,神奈川県,,,,35.4589467,139.629592,,,https://crisp.co.jp/location,2026-04-02T07:13:35.584897
crisp,クリスプサラダワークス,cXX6Ev7DdQzeA8Cwq5ZA,クリスプサラダワークス 南町田グランベリーパーク店,東京都町田市鶴間3-4-1 グランベリーパークステーションコート 1F,東京都,,,,35.5087994,139.4714692,,,https://crisp.co.jp/location,2026-04-02T07:13:35.584897
crisp,クリスプサラダワークス,ckPojxD7ZChYqWs1Qt7d,クリスプサラダワークス OOTEMORI店,東京都千代田区大手町1-5-5  大手町タワー B2F,東京都,,,,35.6854786,139.7650268,,,https://crisp.co.jp/location,2026-04-02T07:13:35.584897
crisp,クリスプサラダワークス,fa3yrO3vKZHF6ix7Y5r2,クリスプサラダワークス Otemachi One店,東京都千代田区大手町1-2-1 Otemachi One B1F,東京都,,,,35.6877019,139.76284,,,https://crisp.co.jp/location,2026-04-02T07:13:35.584897
crisp,クリスプサラダワークス,g6q8eJEXMj8lXG9ybBlQ,クリスプサラダワークス 丸の内 明治安田生命ビル店,東京都千代田区丸の内2-1-1 明治安田生命ビル B2F,東京都,,,,35.6793825,139.7620533,,,https://crisp.co.jp/location,2026-04-02T07:13:35.584897
crisp,クリスプサラダワークス,h6pZrF4wrM9muD89LXxu,クリスプサラダワークス 飯田橋ファーストビル店,東京都文京区後楽2-5-1 飯田橋ファーストビル 1F,東京都,,,,35.70574113845771,139.7458426537076,,,https://crisp.co.jp/location,2026-04-02T07:13:35.584897
crisp,クリスプサラダワークス,ikJGsoNukpAeHuxCZWYK,クリスプサラダワークス 代官山店,東京都渋谷区猿楽町24-7 代官山プラザ 2F,東京都,,,,35.64825,139.7016278,,,https://crisp.co.jp/location,2026-04-02T07:13:35.584897
crisp,クリスプサラダワークス,jt5IaaiVxVuvE0rngTGo,クリスプサラダワークス 三軒茶屋店,東京都世田谷区太子堂1-12-24 ハイツ阿藤 1F,東京都,,,,35.6439854,139.6728536,,,https://crisp.co.jp/location,2026-04-02T07:13:35.584897
crisp,クリスプサラダワークス,jzY9U38pUZotsPbbTd3V,クリスプサラダワークス 山王パークタワー店,東京都千代田区永田町2-11-1 山王パークタワー B1F,東京都,,,,35.67312789785119,139.74069113859062,,,https://crisp.co.jp/location,2026-04-02T07:13:35.584897
crisp,クリスプサラダワークス,k4lA1DKrjGlIOVxf2J8F,クリスプサラダワークス 八重洲 グランアージュ店,東京都千代田区丸の内1-9-2 グラントウキョウサウスタワー B1F,東京都,,,,35.6786525,139.7673937,,,https://crisp.co.jp/location,2026-04-02T07:13:35.584897
crisp,クリスプサラダワークス,kJvNTAD7cob0dUMim5a4,クリスプサラダワークス 東京ミッドタウン店,東京都港区赤坂9-7-2 東京ミッドタウン B1F,東京都,,,,35.6659803,139.7308747,,,https://crisp.co.jp/location,2026-04-02T07:13:35.584897
crisp,クリスプサラダワークス,o1JsszmR0MGkbLTjRXkg,クリスプサラダワークス 阪急三番街店,大阪府大阪市北区芝田1-1-3 阪急三番街 北館 1F,大阪府,,,,34.70596680000001,135.4984748,,,https://crisp.co.jp/location,2026-04-02T07:13:35.584897
crisp,クリスプサラダワークス,opa9CP2LmSy91BWNAmOu,クリスプサラダワークス 青山店,東京都港区南青山2-27-18 パサージュ青山 1F,東京都,,,,35.6691366,139.7166803,,,https://crisp.co.jp/location,2026-04-02T07:13:35.584897
crisp,クリスプサラダワークス,pNhgJorlSPa3ejSOHdzz,クリスプサラダワークス BLUE FRONT SHIBAURA店,東京都港区芝浦1-1-1 BLUE FRONT SHIBAURA S棟 1F,東京都,,,,35.651114768918866,139.75707629463744,,,https://crisp.co.jp/location,2026-04-02T07:13:35.584897
crisp,クリスプサラダワークス,qwMuP3ye47su8LsdBg0p,クリスプサラダワークス 渋谷地下街店,東京都渋谷区道玄坂2-2-1 渋谷地下街,東京都,,,,35.659438353320915,139.70036252539322,,,https://crisp.co.jp/location,2026-04-02T07:13:35.584897
crisp,クリスプサラダワークス,sMEpdHuUKF8gvT7pzUWd,クリスプサラダワークス 常盤橋タワー店,東京都千代田区大手町2-6-4 TOKYO TORCH 常盤橋タワー B1F,東京都,,,,35.68442563140217,139.77075296686823,,,https://crisp.co.jp/location,2026-04-02T07:13:35.584897
crisp,クリスプサラダワークス,t4FFjzCIP8hwp4DSWWul,クリスプサラダワークス 池袋サンシャインシティアルパ店,東京都豊島区東池袋3-1-2 サンシャインシティ 専門店街アルパ 1F,東京都,,,,35.72873710145276,139.71930770815297,,,https://crisp.co.jp/location,2026-04-02T07:13:35.584897
crisp,クリスプサラダワークス,tkBFQenX0DIi8HpyqpVn,クリスプサラダワークス 虎ノ門ヒルズ ビジネスタワー店 （B1F）,東京都港区虎ノ門1-17-1 虎ノ門ヒルズ ビジネスタワー B1F,東京都,,,,35.668051336089086,139.75011889135524,,,https://crisp.co.jp/location,2026-04-02T07:13:35.584897
crisp,クリスプサラダワークス,toXefk2HnDIwOnwyDXAX,クリスプサラダワークス 品川インターシティ店,東京都港区港南2-15-2 品川インターシティ B1F,東京都,,,,35.62653761350591,139.7419275414317,,,https://crisp.co.jp/location,2026-04-02T07:13:35.584897
crisp,クリスプサラダワークス,vgE0n8ec5BwD05ICN9bj,クリスプサラダワークス 吉祥寺店,東京都武蔵野市吉祥寺本町2-16-12 三次ビル 1F,東京都,,,,35.7057338,139.5768021,,,https://crisp.co.jp/location,2026-04-02T07:13:35.584897
crisp,クリスプサラダワークス,xZAQWh2Sqd8PGQ7aSTfK,クリスプサラダワークス 東京ドリームパーク店,東京都江東区有明3-3-8 TOKYO DREAM PARK 2F,東京都,,,,35.62943364093199,139.78761064725137,,,https://crisp.co.jp/location,2026-04-02T07:13:35.584897
crisp,クリスプサラダワークス,xqdqDTnCxgrVU9uHoZWJ,クリスプサラダワークス マルイファミリー溝口店,神奈川県川崎市高津区溝口1-4-1 マルイファミリー溝口 2F,神奈川県,,,,35.5990497,139.6105408,,,https://crisp.co.jp/location,2026-04-02T07:13:35.584897
crisp,クリスプサラダワークス,y7fHwLghotd5FWOTYL0q,クリスプサラダワークス KANDA SQUARE店,東京都千代田区神田錦町2-2-1 KANDA SQUARE 1F,東京都,,,,35.693141998222046,139.7634877870591,,,https://crisp.co.jp/location,2026-04-02T07:13:35.584897
crisp,クリスプサラダワークス,yphLniYqxZUVrTqkdeTM,クリスプサラダワークス 恵比寿店,東京都渋谷区恵比寿3-29-16 ABCアネックスビル 1F,東京都,,,,35.64330959999999,139.7154516,,,https://crisp.co.jp/location,2026-04-02T07:13:35.584897
crisp,クリスプサラダワークス,yvWX9plYdjduIggUw2o2,クリスプサラダワークス 丸ビル店,東京都千代田区丸の内2-4-1 丸の内ビルディング B1F,東京都,,,,35.6810389,139.7637705,,,https://crisp.co.jp/location,2026-04-02T07:13:35.584897
crisp,クリスプサラダワークス,zAudEziXt6704S8nUN5l,クリスプサラダワークス 麻布十番店,東京都港区麻布十番4-1-1 MAXPLAN AZABU10 1F,東京都,,,,35.6552393,139.737419,,,https://crisp.co.jp/location,2026-04-02T07:13:35.584897
deandeluca,ディーン&デルーカ,634,DEAN & DELUCA カフェ パルコヤ上野,東京都台東区上野3丁目24−6,東京都,台東区,,,35.7068359,139.7731425,パルコヤ上野 1F,パルコヤ上野 1F,https://www.deandeluca.co.jp/shop/pages/stores.aspx,2026-04-02T07:13:56.675015
deandeluca,ディーン&デルーカ,642,DEAN & DELUCA カフェ 日本橋高島屋 S.C.,東京都中央区日本橋2−5−1,東京都,中央区,,,35.681325,139.7739548,日本橋高島屋 S.C. 1F,日本橋高島屋 S.C. 1F,https://www.deandeluca.co.jp/shop/pages/stores.aspx,2026-04-02T07:13:56.675015
deandeluca,ディーン&デルーカ,610,DEAN & DELUCA 八重洲,東京都千代田区丸の内1丁目9−1,東京都,千代田区,,,35.6799658,139.7696846,JR東日本東京駅構内 GranSta B1,JR東日本東京駅構内 GranSta B1,https://www.deandeluca.co.jp/shop/pages/stores.aspx,2026-04-02T07:13:56.675015
deandeluca,ディーン&デルーカ,601,DEAN & DELUCA カフェ 丸の内,東京都千代田区丸の内1丁目4−5,東京都,千代田区,,,35.6790703,139.7652988,三菱UFJ信託銀行本店ビル 1F,三菱UFJ信託銀行本店ビル 1F,https://www.deandeluca.co.jp/shop/pages/stores.aspx,2026-04-02T07:13:56.675015
deandeluca,ディーン&デルーカ,657,DEAN & DELUCA カフェ 大手町メトロピア,東京都千代田区大手町1丁目6−1,東京都,千代田区,,,35.6868132,139.76608,大手町駅構内 大手町メトロピア B1,大手町駅構内 大手町メトロピア B1,https://www.deandeluca.co.jp/shop/pages/stores.aspx,2026-04-02T07:13:56.675015
deandeluca,ディーン&デルーカ,618,DEAN & DELUCA 有楽町,東京都千代田区有楽町2丁目5−1,東京都,千代田区,,,35.6736817,139.7611853,ルミネ有楽町 ルミネ2-1F,ルミネ有楽町 ルミネ2-1F,https://www.deandeluca.co.jp/shop/pages/stores.aspx,2026-04-02T07:13:56.675015
deandeluca,ディーン&デルーカ,636,DEAN & DELUCA カフェ 東京ミッドタウン日比谷,東京都千代田区有楽町1丁目1−4,東京都,千代田区,,,35.6734721,139.7592489,東京ミッドタウン日比谷 1F,東京ミッドタウン日比谷 1F,https://www.deandeluca.co.jp/shop/pages/stores.aspx,2026-04-02T07:13:56.675015
deandeluca,ディーン&デルーカ,653,DEAN & DELUCA カフェ 慈恵大学病院,東京都港区西新橋3−19−18,東京都,港区,,,34.685366,135.1695512,東京慈恵会医科大学附属病院 外来棟 1F,東京慈恵会医科大学附属病院 外来棟 1F,https://www.deandeluca.co.jp/shop/pages/stores.aspx,2026-04-02T07:13:56.675015
deandeluca,ディーン&デルーカ,652,DEAN & DELUCA カフェ 虎ノ門ヒルズ,東京都港区虎ノ門1−23−3,東京都,港区,,,35.6674931,139.7478206,虎ノ門ヒルズ 森タワー 2F,虎ノ門ヒルズ 森タワー 2F,https://www.deandeluca.co.jp/shop/pages/stores.aspx,2026-04-02T07:13:56.675015
deandeluca,ディーン&デルーカ,608,DEAN & DELUCA 六本木,東京都港区赤坂9丁目7-4,東京都,港区,,,35.6624568,139.7334981,東京ミッドタウン ガレリア B1,東京ミッドタウン ガレリア B1,https://www.deandeluca.co.jp/shop/pages/stores.aspx,2026-04-02T07:13:56.675015
deandeluca,ディーン&デルーカ,609,DEAN & DELUCA カフェ 六本木,東京都港区赤坂9丁目7−3,東京都,港区,,,35.6658408,139.7309232,東京ミッドタウン B1,東京ミッドタウン B1,https://www.deandeluca.co.jp/shop/pages/stores.aspx,2026-04-02T07:13:56.675015
deandeluca,ディーン&デルーカ,603,DEAN & DELUCA 品川,東京都港区港南2丁目18−1,東京都,港区,,,35.6298948,139.7403731,アトレ品川 2F,アトレ品川 2F,https://www.deandeluca.co.jp/shop/pages/stores.aspx,2026-04-02T07:13:56.675015
deandeluca,ディーン&デルーカ,643,DEAN & DELUCA 広尾,東京都渋谷区広尾5丁目6−6,東京都,渋谷区,,,35.6522569,139.7175844,広尾PLAZA 1F,広尾PLAZA 1F,https://www.deandeluca.co.jp/shop/pages/stores.aspx,2026-04-02T07:13:56.675015
deandeluca,ディーン&デルーカ,624,DEAN & DELUCA カフェ Echika表参道,東京都港区北青山3丁目6−12,東京都,港区,,,35.6653069,139.712219,東京メトロ表参道駅 Echika表参道,東京メトロ表参道駅 Echika表参道,https://www.deandeluca.co.jp/shop/pages/stores.aspx,2026-04-02T07:13:56.675015
deandeluca,ディーン&デルーカ,625,DEAN & DELUCA カフェ NEWoMan新宿,東京都渋谷区千駄ケ谷5丁目24−55,東京都,渋谷区,,,35.6884103,139.7014624,NEWoMan新宿 2F,NEWoMan新宿 2F,https://www.deandeluca.co.jp/shop/pages/stores.aspx,2026-04-02T07:13:56.675015
deandeluca,ディーン&デルーカ,613,DEAN & DELUCA 新宿,東京都新宿区新宿3丁目38−2,東京都,新宿区,,,35.6881954,139.6990884,ルミネ新宿2 1F,ルミネ新宿2 1F,https://www.deandeluca.co.jp/shop/pages/stores.aspx,2026-04-02T07:13:56.675015
deandeluca,ディーン&デルーカ,619,DEAN & DELUCA 恵比寿,東京都渋谷区恵比寿南1丁目5−5,東京都,渋谷区,,,35.64696,139.7086658,アトレ恵比寿 3F,アトレ恵比寿 3F,https://www.deandeluca.co.jp/shop/pages/stores.aspx,2026-04-02T07:13:56.675015
deandeluca,ディーン&デルーカ,641,DEAN & DELUCA カフェ 渋谷ストリーム,東京都渋谷区渋谷3丁目21−3,東京都,渋谷区,,,35.6572033,139.7030975,渋谷ストリーム 2F,渋谷ストリーム 2F,https://www.deandeluca.co.jp/shop/pages/stores.aspx,2026-04-02T07:13:56.675015
deandeluca,ディーン&デルーカ,662,DEAN & DELUCA 大井町,東京都品川区広町2-1-3,東京都,品川区,,,35.6063813,139.7348903,OIMACHI TRACKS SHOPS & RESTAURANTS ３F,OIMACHI TRACKS SHOPS & RESTAURANTS ３F,https://www.deandeluca.co.jp/shop/pages/stores.aspx,2026-04-02T07:13:56.675015
deandeluca,ディーン&デルーカ,648,DEAN & DELUCA カフェ 東京音楽大学 中目黒 代官山キャンパス,東京都目黒区上目黒1丁目9,東京都,目黒区,,,35.6428011,139.6930849,東京音楽大学中目黒 代官山キャンパス 3F,東京音楽大学中目黒 代官山キャンパス 3F,https://www.deandeluca.co.jp/shop/pages/stores.aspx,2026-04-02T07:13:56.675015
deandeluca,ディーン&デルーカ,605,DEAN & DELUCA カフェ羽田空港,東京都大田区羽田空港3丁目3−2,東京都,大田区,,,35.5471603,139.7855826,第1旅客ターミナルビル B1,第1旅客ターミナルビル B1,https://www.deandeluca.co.jp/shop/pages/stores.aspx,2026-04-02T07:13:56.675015
deandeluca,ディーン&デルーカ,637,DEAN & DELUCA アトレ川崎,神奈川県川崎市川崎区駅前本町26−1,神奈川県,川崎市,,,35.5306807,139.697207,アトレ川崎 3F,アトレ川崎 3F,https://www.deandeluca.co.jp/shop/pages/stores.aspx,2026-04-02T07:13:56.675015
deandeluca,ディーン&デルーカ,606,DEAN & DELUCA カフェ成城,東京都世田谷区成城6丁目5−34,東京都,世田谷区,,,34.9855111,137.0838823,成城コルティ 1F,成城コルティ 1F,https://www.deandeluca.co.jp/shop/pages/stores.aspx,2026-04-02T07:13:56.675015
deandeluca,ディーン&デルーカ,611,DEAN & DELUCA 吉祥寺,東京都武蔵野市吉祥寺南町1丁目1−24,東京都,武蔵野市,,,35.7022217,139.5803829,アトレ吉祥寺 1F,アトレ吉祥寺 1F,https://www.deandeluca.co.jp/shop/pages/stores.aspx,2026-04-02T07:13:56.675015
deandeluca,ディーン&デルーカ,0699,DEAN & DELUCA ベーカリー 武蔵境,東京都武蔵野市境1丁目1−7,東京都,武蔵野市,,,35.7019536,139.5440469,QuOla 1F,QuOla 1F,https://www.deandeluca.co.jp/shop/pages/stores.aspx,2026-04-02T07:13:56.675015
deandeluca,ディーン&デルーカ,644,DEAN & DELUCA アウトレット 木更津,千葉県木更津市金田東3丁目1−1,千葉県,木更津市,,,35.38158,139.9262553,三井アウトレットパーク木更津 ノースゾーン,三井アウトレットパーク木更津 ノースゾーン,https://www.deandeluca.co.jp/shop/pages/stores.aspx,2026-04-02T07:13:56.675015
deandeluca,ディーン&デルーカ,622,DEAN & DELUCA たまプラーザ,神奈川県横浜市青葉区美しが丘1−1−2,神奈川県,横浜市,,,35.5775269,139.5588739,ゲートプラザ 1F,ゲートプラザ 1F,https://www.deandeluca.co.jp/shop/pages/stores.aspx,2026-04-02T07:13:56.675015
deandeluca,ディーン&デルーカ,614,DEAN & DELUCA 横浜,神奈川県横浜市高島2丁目18,神奈川県,横浜市,,,35.465419,139.6201866,そごう横浜店 B2 食品売場,そごう横浜店 B2 食品売場,https://www.deandeluca.co.jp/shop/pages/stores.aspx,2026-04-02T07:13:56.675015
deandeluca,ディーン&デルーカ,658,DEAN & DELUCA シァル横浜,神奈川県横浜市西区南幸1丁目1−1,神奈川県,横浜市,,,35.5081714,139.6766205,CIAL横浜 B1,CIAL横浜 B1,https://www.deandeluca.co.jp/shop/pages/stores.aspx,2026-04-02T07:13:56.675015
deandeluca,ディーン&デルーカ,659,DEAN & DELUCA カフェ コレットマーレみなとみらい,神奈川県横浜市中区桜木町1丁目1−7,神奈川県,横浜市,,,35.4522658,139.6308428,ヒューリックみなとみらい コレットマーレ 1F,ヒューリックみなとみらい コレットマーレ 1F,https://www.deandeluca.co.jp/shop/pages/stores.aspx,2026-04-02T07:13:56.675015
deandeluca,ディーン&デルーカ,651,DEAN & DELUCA カフェ 新百合丘OPA,神奈川県川崎市麻生区上麻生1丁目1−1,神奈川県,川崎市,,,35.6036615,139.5085777,新百合丘OPA 1F,新百合丘OPA 1F,https://www.deandeluca.co.jp/shop/pages/stores.aspx,2026-04-02T07:13:56.675015
deandeluca,ディーン&デルーカ,647,DEAN & DELUCA カフェ ODAKYU 湘南 GATE,神奈川県藤沢市南藤沢21−1,神奈川県,藤沢市,,,35.33666,139.48687,ODAKYU 湘南 GATE 2F,ODAKYU 湘南 GATE 2F,https://www.deandeluca.co.jp/shop/pages/stores.aspx,2026-04-02T07:13:56.675015
deandeluca,ディーン&デルーカ,640,DEAN & DELUCA カフェ テラスモール湘南,神奈川県藤沢市辻堂神台1丁目3−1,神奈川県,藤沢市,,,35.3385877,139.4462567,テラスモール湘南 湘南ヴィレッジ,テラスモール湘南 湘南ヴィレッジ,https://www.deandeluca.co.jp/shop/pages/stores.aspx,2026-04-02T07:13:56.675015
deandeluca,ディーン&デルーカ,650,DEAN & DELUCA カフェ 成田空港第１ターミナル,千葉県成田市三里塚字御料牧場1-1,千葉県,成田市,,,35.763096,140.3863713,成田国際空港 第1旅客ターミナルビル 中央ビル本館 4F,成田国際空港 第1旅客ターミナルビル 中央ビル本館 4F,https://www.deandeluca.co.jp/shop/pages/stores.aspx,2026-04-02T07:13:56.675015
deandeluca,ディーン&デルーカ,655,DEAN & DELUCA カフェ 成田空港第2ターミナルサテライト,千葉県成田市古込字古込1−1,千葉県,成田市,,,35.7730407,140.3876214,成田国際空港 第２旅客ターミナルビル サテライト 3F,成田国際空港 第２旅客ターミナルビル サテライト 3F,https://www.deandeluca.co.jp/shop/pages/stores.aspx,2026-04-02T07:13:56.675015
deandeluca,ディーン&デルーカ,656,DEAN & DELUCA カフェ 星ヶ丘三越,愛知県名古屋市千種区星が丘元町14−14,愛知県,名古屋市,,,35.1615747,136.984179,星ヶ丘三越 1F,星ヶ丘三越 1F,https://www.deandeluca.co.jp/shop/pages/stores.aspx,2026-04-02T07:13:56.675015
deandeluca,ディーン&デルーカ,615,DEAN & DELUCA 栄,愛知県名古屋市中区栄3丁目16−1,愛知県,名古屋市,,,35.165649,136.9035064,松坂屋名古屋 本館B２,松坂屋名古屋 本館B２,https://www.deandeluca.co.jp/shop/pages/stores.aspx,2026-04-02T07:13:56.675015
deandeluca,ディーン&デルーカ,631,DEAN & DELUCA ベーカリーカフェ 名城公園,愛知県名古屋市北区名城1丁目4−1,愛知県,名古屋市,,,35.0084924,135.750548,名城公園内 tonarino(トナリノ) 2F,名城公園内 tonarino(トナリノ) 2F,https://www.deandeluca.co.jp/shop/pages/stores.aspx,2026-04-02T07:13:56.675015
deandeluca,ディーン&デルーカ,638,DEAN & DELUCA カフェ 広小路本町,愛知県名古屋市中区錦2丁目20−15,愛知県,名古屋市,,closed,35.1687,136.902719,広小路クロスタワー 1F,広小路クロスタワー 1F,https://www.deandeluca.co.jp/shop/pages/stores.aspx,2026-04-02T07:13:56.675015
deandeluca,ディーン&デルーカ,607,DEAN & DELUCA 名古屋,愛知県名古屋市中村区名駅4−7−1,愛知県,名古屋市,,,35.1707285,136.8818431,ミッドランドスクエア B1,ミッドランドスクエア B1,https://www.deandeluca.co.jp/shop/pages/stores.aspx,2026-04-02T07:13:56.675015
deandeluca,ディーン&デルーカ,621,DEAN & DELUCA 京都,京都府京都市中京区烏丸通蛸薬師下ル手洗水町645,京都府,京都市,,,35.0265997,135.7392156,,,https://www.deandeluca.co.jp/shop/pages/stores.aspx,2026-04-02T07:13:56.675015
deandeluca,ディーン&デルーカ,616,DEAN & DELUCA 大阪,大阪府大阪市北区大深町4−1,大阪府,大阪市,,,34.6937569,135.5014539,グランフロント大阪 ショップ&レストラン うめきた広場 B1,グランフロント大阪 ショップ&レストラン うめきた広場 B1,https://www.deandeluca.co.jp/shop/pages/stores.aspx,2026-04-02T07:13:56.675015
deandeluca,ディーン&デルーカ,632,DEAN & DELUCA カフェ クリスタ長堀,大阪府大阪市中央区南船場3丁目,大阪府,大阪市,,,34.6764785,135.5018255,長堀地下街,長堀地下街,https://www.deandeluca.co.jp/shop/pages/stores.aspx,2026-04-02T07:13:56.675015
deandeluca,ディーン&デルーカ,639,DEAN & DELUCA カフェ 伊丹空港,大阪府豊中市螢池西町3丁目555,大阪府,豊中市,,,34.7839847,135.4390407,大阪国際空港中央ブロック 3F,大阪国際空港中央ブロック 3F,https://www.deandeluca.co.jp/shop/pages/stores.aspx,2026-04-02T07:13:56.675015
deandeluca,ディーン&デルーカ,660,DEAN & DELUCA 岡山,岡山県岡山市下石井2丁目1010,岡山県,岡山市,,,34.6667504,133.9182664,杜の街グレースオフィススクエア １F,杜の街グレースオフィススクエア １F,https://www.deandeluca.co.jp/shop/pages/stores.aspx,2026-04-02T07:13:56.675015
deandeluca,ディーン&デルーカ,626,DEAN & DELUCA アミュプラザ博多,福岡県福岡市博多区博多駅中央街1−1,福岡県,福岡市,,,33.590682,130.4198639,アミュプラザ博多 B1,アミュプラザ博多 B1,https://www.deandeluca.co.jp/shop/pages/stores.aspx,2026-04-02T07:13:56.675015
deandeluca,ディーン&デルーカ,623,DEAN & DELUCA 福岡,福岡県福岡市中央区天神2丁目2−43,福岡県,福岡市,,,36.7080711,136.9317779,ソラリアプラザ B2,ソラリアプラザ B2,https://www.deandeluca.co.jp/shop/pages/stores.aspx,2026-04-02T07:13:56.675015
